{
  "format_version": "1.8.0",
  "animations": {
    "aerial_attack": {
      "loop": true,
      "animation_length": 0.55,
      "bones": {
        "head": {
          "rotation": {
            "0.3": [0, 5, 0],
            "0.35": {"pre": [0, 5, 0], "post": [0, 12.5, 0]},
            "0.4": {"pre": [0, 12.5, 0], "post": [0, 22.5, 0]},
            "0.5": {"pre": [0, 22.5, 0], "post": [0, 0, 0]}
          }
        },
        "body": {
          "rotation": {
            "0.05": [12.5, 0, 0],
            "0.45": {"pre": [12.5, 0, 0], "post": [5, 0, 0]}
          }
        },
        "right_arm": {
          "rotation": {
            "0.0": [-62.64665, -27.70911, 17.25018],
            "0.05": {"pre": [-62.64665, -27.70911, 17.25018], "post": [-73.92798, -34.93879, 14.91092]},
            "0.1": {"pre": [-73.92798, -34.93879, 14.91092], "post": [-83.59824, -51.54231, 7.21853]},
            "0.15": {"pre": [-83.59824, -51.54231, 7.21853], "post": [-82.26527, -58.98597, 5.59995]},
            "0.25": {"pre": [-82.26527, -58.98597, 5.59995], "post": [-83.92549, -49.05709, 7.64377]},
            "0.3": {"pre": [-83.92549, -49.05709, 7.64377], "post": [-85.19485, -34.12298, 9.53973]},
            "0.35": {"pre": [-85.19485, -34.12298, 9.53973], "post": [-85.64133, -24.1547, 10.45317]},
            "0.4": {"pre": [-85.64133, -24.1547, 10.45317], "post": [-85.95235, 10.75701, 12.9963]},
            "0.45": {"pre": [-85.95235, 10.75701, 12.9963], "post": [-79.02036, 8.51639, 10.87398]},
            "0.5": {"pre": [-79.02036, 8.51639, 10.87398], "post": [-72.16998, 6.62148, 8.19859]},
            "0.55": {"pre": [-72.16998, 6.62148, 8.19859], "post": [-72.12791, -7.66401, 3.61214]}
          }
        },
        "left_arm": {
          "rotation": {
            "0.0": [-58.88465, 14.54129, 9.60489],
            "0.05": {"pre": [-58.88465, 14.54129, 9.60489], "post": [-54.1724, 31.28996, 21.54131]},
            "0.1": {"pre": [-54.1724, 31.28996, 21.54131], "post": [-69.57665, 23.02709, 15.20035]},
            "0.15": {"pre": [-69.57665, 23.02709, 15.20035], "post": [-71.21614, 4.16302, 8.32757]},
            "0.2": {"pre": [-71.21614, 4.16302, 8.32757], "post": [-71.26658, -0.5717, 6.71933]},
            "0.25": {"pre": [-71.26658, -0.5717, 6.71933], "post": [-70.88594, 11.25767, 10.78367]},
            "0.3": {"pre": [-70.88594, 11.25767, 10.78367], "post": [-67.65876, 32.34321, 19.31326]},
            "0.35": {"pre": [-67.65876, 32.34321, 19.31326], "post": [-65.50696, 39.22824, 22.98562]},
            "0.4": {"pre": [-65.50696, 39.22824, 22.98562], "post": [-79.47547, 23.49747, 23.47427]},
            "0.45": {"pre": [-79.47547, 23.49747, 23.47427], "post": [-80.24282, 8.72886, 20.73283]},
            "0.5": {"pre": [-80.24282, 8.72886, 20.73283], "post": [-65.54795, -0.36719, 16.56256]}
          }
        },
        "right_leg": {
          "rotation": {
            "0.05": [-12.5, 0, 15],
            "0.1": {"pre": [-12.5, 0, 15], "post": [0, 0, 15]},
            "0.15": {"pre": [0, 0, 15], "post": [0, 0, 20]},
            "0.3": {"pre": [0, 0, 20], "post": [7.5, 0, 10]},
            "0.35": {"pre": [7.5, 0, 10], "post": [20, 0, 10]},
            "0.4": {"pre": [20, 0, 10], "post": [25.04398, 1.97451, -0.11575]},
            "0.5": {"pre": [25.04398, 1.97451, -0.11575], "post": [15.66266, 5.47336, 6.03781]}
          }
        },
        "left_leg": {
          "rotation": {
            "0.1": [32.48436, 0.75155, -2.38443],
            "0.15": {"pre": [32.48436, 0.75155, -2.38443], "post": [39.98436, 0.75155, -2.38443]},
            "0.25": {"pre": [39.98436, 0.75155, -2.38443], "post": [24.98436, 0.75155, -2.38443]},
            "0.3": {"pre": [24.98436, 0.75155, -2.38443], "post": [9.70696, 2.46573, -12.24068]},
            "0.35": {"pre": [9.70696, 2.46573, -12.24068], "post": [9.88259, 1.6146, -7.31048]},
            "0.4": {"pre": [9.88259, 1.6146, -7.31048], "post": [9.59178, 2.88484, -14.70799]}
          }
        },
        "right_item": {
          "rotation": {
            "0.0": [30, 0, 0],
            "0.05": {"pre": [30, 0, 0], "post": [60, 0, 0]},
            "0.1": {"pre": [60, 0, 0], "post": [90, 0, 0]},
            "0.15": {"pre": [90, 0, 0], "post": [120, 0, 0]},
            "0.2": {"pre": [120, 0, 0], "post": [150, 0, 0]},
            "0.25": {"pre": [150, 0, 0], "post": [180, 0, 0]},
            "0.3": {"pre": [180, 0, 0], "post": [210, 0, 0]},
            "0.35": {"pre": [210, 0, 0], "post": [240, 0, 0]},
            "0.4": {"pre": [240, 0, 0], "post": [270, 0, 0]},
            "0.45": {"pre": [270, 0, 0], "post": [300, 0, 0]},
            "0.5": {"pre": [300, 0, 0], "post": [330, 0, 0]},
            "0.55": {"pre": [330, 0, 0], "post": [0, 0, 0]}
          },
          "position": [0, 2, 2]
        }
      }
    }
  }
}