{
  "format_version": "1.8.0",
  "animations": {
    "air_dodge": {
      "animation_length": 0.85,
      "bones": {
        "head": {
          "rotation": {
            "0.0": [-35, 0, 0],
            "0.45": {"pre": [-35, 0, 0], "post": [-38.95658, 24.1782, -18.32252]},
            "0.75": {"pre": [-38.95658, 24.1782, -18.32252], "post": [-21.45658, 24.1782, -18.32252]},
            "0.85": {"pre": [-21.45658, 24.1782, -18.32252], "post": [0, 0, 0]}
          }
        },
        "body": {
          "rotation": {
            "0.0": [82.5, 0, 0],
            "0.05": {"pre": [82.5, 0, 0], "post": [83.49554, 3.74196, 29.78729]},
            "0.1": {"pre": [83.49554, 3.74196, 29.78729], "post": [86.23387, 6.49053, 59.78638]},
            "0.15": {"pre": [86.23387, 6.49053, 59.78638], "post": [89.01552, 7.43547, 82.43603]},
            "0.2": {"pre": [89.01552, 7.43547, 82.43603], "post": [93.47875, 6.64851, 117.70212]},
            "0.25": {"pre": [93.47875, 6.64851, 117.70212], "post": [96.66067, 3.45533, 152.70113]},
            "0.3": {"pre": [96.66067, 3.45533, 152.70113], "post": [97.47178, -0.65182, 184.95744]},
            "0.35": {"pre": [97.47178, -0.65182, 184.95744], "post": [96.66067, -3.45533, 207.29887]},
            "0.4": {"pre": [96.66067, -3.45533, 207.29887], "post": [95.31847, -5.29571, 224.75386]},
            "0.45": {"pre": [95.31847, -5.29571, 224.75386], "post": [93.47875, -6.64851, 242.29788]},
            "0.5": {"pre": [93.47875, -6.64851, 242.29788], "post": [90.34203, -17.49265, 267.41855]},
            "0.55": {"pre": [90.34203, -17.49265, 267.41855], "post": [85.34849, -26.9361, 283.96163]},
            "0.6": {"pre": [85.34849, -26.9361, 283.96163], "post": [69.49842, -24.22307, 303.14858]},
            "0.65": {"pre": [69.49842, -24.22307, 303.14858], "post": [55.887, -17.1729, 320.29429]},
            "0.7": {"pre": [55.887, -17.1729, 320.29429], "post": [35.62604, -33.138, 337.70629]},
            "0.75": {"pre": [35.62604, -33.138, 337.70629], "post": [10.84212, -40.86436, 353.85797]},
            "0.8": {"pre": [10.84212, -40.86436, 353.85797], "post": [9.11351, -26.08705, 356.96532]},
            "0.85": {"pre": [9.11351, -26.08705, 356.96532], "post": [0, 0, 0]}
          }
        },
        "right_arm": {
          "rotation": {
            "0.0": [60.60058, 19.84302, -10.82777],
            "0.45": {"pre": [60.60058, 19.84302, -10.82777], "post": [65.71939, 16.60365, 11.4514]},
            "0.65": {"pre": [65.71939, 16.60365, 11.4514], "post": [42.48862, 9.95364, 19.13032]},
            "0.75": {"pre": [42.48862, 9.95364, 19.13032], "post": [15.11674, 12.36789, 19.79206]},
            "0.85": {"pre": [15.11674, 12.36789, 19.79206], "post": [-15.09719, 41.18466, -0.46453]}
          }
        },
        "left_arm": {
          "rotation": {
            "0.0": [-27.73421, 15.69986, 6.32495],
            "0.45": {"pre": [-27.73421, 15.69986, 6.32495], "post": [-30.83441, 7.08578, -9.2327]},
            "0.65": {"pre": [-30.83441, 7.08578, -9.2327], "post": [-31.50845, 1.90005, -17.81243]},
            "0.75": {"pre": [-31.50845, 1.90005, -17.81243], "post": [-44.83955, -5.23291, -7.65575]}
          }
        },
        "right_leg": {
          "rotation": {
            "0.0": [-4.12962, 4.92385, 10.03742],
            "0.65": {"pre": [-4.12962, 4.92385, 10.03742], "post": [-14.74511, 29.85161, 8.02651]}
          }
        },
        "left_leg": {
          "rotation": {
            "0.0": [10, 0, -20],
            "0.65": {"pre": [10, 0, -20], "post": [-7.5, 0, -20]},
            "0.85": {"pre": [-7.5, 0, -20], "post": [-42.5, 0, -20]}
          }
        },
        "torso": {
          "rotation": {
            "0.0": [0, 0, 0],
            "0.85": {"pre": [0, 0, 0], "post": [1.86612, 17.22575, -10.47479]}
          }
        },
        "right_item": {
          "rotation": {
            "0.0": [25, 0, 0],
            "0.75": {"pre": [25, 0, 0], "post": [20, 0, 0]},
            "0.85": {"pre": [20, 0, 0], "post": [10, 0, 0]}
          }
        }
      }
    }
  }
}