{
	"format_version": "1.8.0",
	"animations": {
		"hunter_dust": {
			"animation_length": 1.5,
			"bones": {
				"head": {
					"rotation": {
						"0.0": [17.5, 0, 0],
						"0.45": {"pre": [17.5, 0, 0], "post": [7.56397, -7.43547, -0.98448]},
						"0.5": {"pre": [7.56397, -7.43547, -0.98448], "post": [-2.43603, -7.43547, -0.98448]},
						"0.55": {"pre": [-2.43603, -7.43547, -0.98448], "post": [-2.49996, -14.92854, -0.6555]},
						"0.65": {"pre": [-2.49996, -14.92854, -0.6555], "post": [-10.64854, -24.76759, 1.24754]},
						"0.85": {"pre": [-10.64854, -24.76759, 1.24754], "post": [-2.37406, -9.96827, -1.20599]},
						"0.9": {"pre": [-2.37406, -9.96827, -1.20599], "post": [-2.34047, 2.52124, -1.72019]},
						"0.95": {"pre": [-2.34047, 2.52124, -1.72019], "post": [7.65279, 5.01915, -1.82265]},
						"1.15": {"pre": [7.65279, 5.01915, -1.82265], "post": [-2.34721, 5.01915, -1.82265]},
						"1.2": {"pre": [-2.34721, 5.01915, -1.82265], "post": [-12.42085, 15.01054, -2.24452]},
						"1.25": {"pre": [-12.42085, 15.01054, -2.24452], "post": [-18.22575, 24.76258, -4.60189]},
						"1.4": {"pre": [-18.22575, 24.76258, -4.60189], "post": [0, 0, 0]}
					}
				},
				"right_arm": {
					"rotation": {
						"0.0": [-33.34411, -11.31335, -16.60179],
						"1.35": {"pre": [-33.34411, -11.31335, -16.60179], "post": [-34.58897, -5.71617, -8.21888]},
						"1.4": {"pre": [-34.58897, -5.71617, -8.21888], "post": [-17.5, 0, 0]},
						"1.5": {"pre": [-17.5, 0, 0], "post": [0, 0, 0]}
					}
				},
				"left_arm": {
					"rotation": {
						"0.0": [-53.63976, 38.84468, 24.78507],
						"0.05": {"pre": [-53.63976, 38.84468, 24.78507], "post": [-46.13976, 38.84468, 24.78507]},
						"0.1": {"pre": [-46.13976, 38.84468, 24.78507], "post": [-38.63976, 38.84468, 24.78507]},
						"0.15": {"pre": [-38.63976, 38.84468, 24.78507], "post": [-43.63976, 38.84468, 24.78507]},
						"0.2": {"pre": [-43.63976, 38.84468, 24.78507], "post": [-46.13976, 38.84468, 24.78507]},
						"0.25": {"pre": [-46.13976, 38.84468, 24.78507], "post": [-38.63976, 38.84468, 24.78507]},
						"0.3": {"pre": [-38.63976, 38.84468, 24.78507], "post": [-43.63976, 38.84468, 24.78507]},
						"0.35": {"pre": [-43.63976, 38.84468, 24.78507], "post": [-46.13976, 38.84468, 24.78507]},
						"0.4": {"pre": [-46.13976, 38.84468, 24.78507], "post": [-38.63976, 38.84468, 24.78507]},
						"0.45": {"pre": [-38.63976, 38.84468, 24.78507], "post": [-43.63976, 38.84468, 24.78507]},
						"0.5": {"pre": [-43.63976, 38.84468, 24.78507], "post": [-73.55177, 31.62427, 16.29816]},
						"0.55": {"pre": [-73.55177, 31.62427, 16.29816], "post": [-95.3839, 17.16433, 11.89923]},
						"0.6": {"pre": [-95.3839, 17.16433, 11.89923], "post": [-104.8128, 7.50775, 14.56242]},
						"0.65": {"pre": [-104.8128, 7.50775, 14.56242], "post": [-127.18309, 0.25416, 16.47478]},
						"0.7": {"pre": [-127.18309, 0.25416, 16.47478], "post": [-135.94941, -13.61177, 27.25183]},
						"0.85": {"pre": [-135.94941, -13.61177, 27.25183], "post": [-117.58158, -0.35242, 20.16928]},
						"0.9": {"pre": [-117.58158, -0.35242, 20.16928], "post": [-87.50049, 14.63393, 20.81602]},
						"0.95": {"pre": [-87.50049, 14.63393, 20.81602], "post": [-60.85922, 23.44296, 25.82974]},
						"1.0": {"pre": [-60.85922, 23.44296, 25.82974], "post": [-48.35922, 23.44296, 25.82974]},
						"1.05": {"pre": [-48.35922, 23.44296, 25.82974], "post": [-55.85922, 23.44296, 25.82974]},
						"1.1": {"pre": [-55.85922, 23.44296, 25.82974], "post": [-45.85922, 23.44296, 25.82974]},
						"1.15": {"pre": [-45.85922, 23.44296, 25.82974], "post": [-77.557, 30.77856, 27.58639]},
						"1.2": {"pre": [-77.557, 30.77856, 27.58639], "post": [-83.2054, 50.15725, 34.19145]},
						"1.25": {"pre": [-83.2054, 50.15725, 34.19145], "post": [-87.38349, 55.11794, 35.22458]},
						"1.35": {"pre": [-87.38349, 55.11794, 35.22458], "post": [-76.8153, 40.64003, 29.29957]},
						"1.4": {"pre": [-76.8153, 40.64003, 29.29957], "post": [-63.98039, 18.77749, 15.15794]},
						"1.45": {"pre": [-63.98039, 18.77749, 15.15794], "post": [0, 0, 0]}
					}
				}
			}
		}
	}
}