{
	"format_version": "1.8.0",
	"animations": {
		"hunter_drink": {
			"animation_length": 2,
			"bones": {
				"head": {
					"rotation": {
						"0.0": [-22.5, 0, 0],
						"0.15": {"pre": [-22.5, 0, 0], "post": [-27.5, 0, 0]},
						"0.3": {"pre": [-27.5, 0, 0], "post": [-20, 0, 0]},
						"0.45": {"pre": [-20, 0, 0], "post": [-37.5, 0, 0]},
						"0.6": {"pre": [-37.5, 0, 0], "post": [-30, 0, 0]},
						"0.75": {"pre": [-30, 0, 0], "post": [-37.5, 0, 0]},
						"0.9": {"pre": [-37.5, 0, 0], "post": [-22.5, 0, 0]},
						"1.05": {"pre": [-22.5, 0, 0], "post": [-27.5, 0, 0]},
						"1.2": {"pre": [-27.5, 0, 0], "post": [-20, 0, 0]},
						"1.35": {"pre": [-20, 0, 0], "post": [-37.5, 0, 0]},
						"1.5": {"pre": [-37.5, 0, 0], "post": [-30, 0, 0]},
						"1.65": {"pre": [-30, 0, 0], "post": [-37.5, 0, 0]},
						"1.8": {"pre": [-37.5, 0, 0], "post": [-22.5, 0, 0]},
						"2.0": {"pre": [-22.5, 0, 0], "post": [-27.5, 0, 0]}
					}
				},
				"right_arm": {
					"rotation": {
						"0.0": [-90, -22.5, 0],
						"0.5": {"pre": [-90, -22.5, 0], "post": [-100, -22.5, 0]},
						"1.0": {"pre": [-100, -22.5, 0], "post": [-107.5, -22.5, 0]},
						"1.5": {"pre": [-107.5, -22.5, 0], "post": [-112.5, -22.5, 0]},
						"2.0": {"pre": [-112.5, -22.5, 0], "post": [-117.5, -22.5, 0]}
					}
				},
				"left_arm": {
					"rotation": {
						"0.0": [0, 0, 0],
						"2.0": {"pre": [0, 0, 0], "post": [0, 0, 0]}
					}
				},
				"right_item": {
					"rotation": {
						"0.0": [0, 0, 0],
						"0.5": {"pre": [0, 0, 0], "post": [-1.5, 0, 0]},
						"1.25": {"pre": [-1.5, 0, 0], "post": [22.43753, -20.93237, -8.44338]}
					},
					"position": {
						"0.0": [-2, 1.25, 1.5],
						"0.5": {"pre": [-2, 1.25, 1.5], "post": [-2, 1.25, 2.5]},
						"1.25": {"pre": [-2, 1.25, 2.5], "post": [-2, 1.25, 2.5]}
					}
				}
			}
		}
	}
}