{
	"format_version": "1.8.0",
	"animations": {
		"hunter_consume": {
			"animation_length": 1.2,
			"bones": {
				"head": {
					"rotation": {
						"0.0": [0, 0, 0],
						"0.05": {"pre": [0, 0, 0], "post": [0, 7.5, 0]},
						"0.1": {"pre": [0, 7.5, 0], "post": [0, 15, 0]},
						"0.15": {"pre": [0, 15, 0], "post": [7.5, 15, 0]},
						"0.2": {"pre": [7.5, 15, 0], "post": [12.4205, 12.52115, -0.33416]},
						"0.25": {"pre": [12.4205, 12.52115, -0.33416], "post": [7.4205, 12.52115, -0.33416]},
						"0.3": {"pre": [7.4205, 12.52115, -0.33416], "post": [7.27179, 5.08254, -1.30388]},
						"0.35": {"pre": [7.27179, 5.08254, -1.30388], "post": [2.27179, 5.08254, -1.30388]},
						"0.4": {"pre": [2.27179, 5.08254, -1.30388], "post": [0, 0, 0]},
						"0.5": {"pre": [0, 0, 0], "post": [5, -5, 0]},
						"0.8": {"pre": [5, -5, 0], "post": [5.02347, 7.45259, 1.0901]},
						"0.9": {"pre": [5.02347, 7.45259, 1.0901], "post": [5.05766, -9.98078, -0.44192]},
						"0.95": {"pre": [5.05766, -9.98078, -0.44192], "post": [0, -12.5, 0]},
						"1.2": {"pre": [0, -12.5, 0], "post": [0, 0, 0]}
					}
				},
				"right_arm": {
					"rotation": {
						"0.0": [-15, 0, 0],
						"0.05": {"pre": [-15, 0, 0], "post": [-67.5, 0, 0]},
						"0.1": {"pre": [-67.5, 0, 0], "post": [-92.75806, -24.97457, 1.16524]},
						"0.15": {"pre": [-92.75806, -24.97457, 1.16524], "post": [-100.25806, -24.97457, 1.16524]},
						"0.2": {"pre": [-100.25806, -24.97457, 1.16524], "post": [-97.75806, -24.97457, 1.16524]},
						"0.25": {"pre": [-97.75806, -24.97457, 1.16524], "post": [-85.42621, -19.99106, 1.60453]},
						"0.3": {"pre": [-85.42621, -19.99106, 1.60453], "post": [-68.74776, -13.01924, 4.49036]},
						"0.35": {"pre": [-68.74776, -13.01924, 4.49036], "post": [-26.24776, -13.01924, 4.49036]},
						"0.4": {"pre": [-26.24776, -13.01924, 4.49036], "post": [0, 0, 0]}
					}
				},
				"left_arm": {
					"rotation": {
						"0.0": [0, 0, 0],
						"0.45": {"pre": [0, 0, 0], "post": [-31.28223, 9.29798, 14.89149]},
						"0.5": {"pre": [-31.28223, 9.29798, 14.89149], "post": [-44.58462, 29.92415, 34.35718]},
						"0.55": {"pre": [-44.58462, 29.92415, 34.35718], "post": [-59.32272, 43.19323, 43.12101]},
						"0.6": {"pre": [-59.32272, 43.19323, 43.12101], "post": [-69.32272, 43.19323, 43.12101]},
						"0.65": {"pre": [-69.32272, 43.19323, 43.12101], "post": [-56.82272, 43.19323, 43.12101]},
						"0.75": {"pre": [-56.82272, 43.19323, 43.12101], "post": [-61.82272, 43.19323, 43.12101]},
						"0.85": {"pre": [-61.82272, 43.19323, 43.12101], "post": [-51.82272, 43.19323, 43.12101]},
						"0.95": {"pre": [-51.82272, 43.19323, 43.12101], "post": [-51.05938, 33.91657, 32.36699]},
						"1.0": {"pre": [-51.05938, 33.91657, 32.36699], "post": [-31.3106, 24.98278, 11.74979]},
						"1.1": {"pre": [-31.3106, 24.98278, 11.74979], "post": [-17.51811, 13.31937, 2.11423]},
						"1.15": {"pre": [-17.51811, 13.31937, 2.11423], "post": [0, 0, 0]}
					}
				}
			}
		}
	}
}