{
  "format_version": "1.8.0",
  "animations": {
    "kinsect_nuke": {
      "animation_length": 0.65,
      "bones": {
        "head": {
          "rotation": {
            "0.0": [-20, 0, 0],
            "0.15": {"pre": [-20, 0, 0], "post": [-21.50238, 21.07593, -8.0634]},
            "0.2": {"pre": [-21.50238, 21.07593, -8.0634], "post": [-44.00238, 21.07593, -8.0634]},
            "0.25": {"pre": [-44.00238, 21.07593, -8.0634], "post": [-21.50238, 21.07593, -8.0634]}
          }
        },
        "body": {
          "rotation": {
            "0.0": [0, 0, 0],
            "0.25": {"pre": [0, 0, 0], "post": [0, 22.5, 0]},
            "0.3": {"pre": [0, 22.5, 0], "post": [0, 67.5, 0]},
            "0.35": {"pre": [0, 67.5, 0], "post": [0, 112.5, 0]},
            "0.4": {"pre": [0, 112.5, 0], "post": [0, 157.5, 0]},
            "0.45": {"pre": [0, 157.5, 0], "post": [0, 202.5, 0]},
            "0.5": {"pre": [0, 202.5, 0], "post": [0, 247.5, 0]},
            "0.55": {"pre": [0, 247.5, 0], "post": [0, 292.5, 0]},
            "0.6": {"pre": [0, 292.5, 0], "post": [0, 337.5, 0]},
            "0.65": {"pre": [0, 337.5, 0], "post": [0, 360, 0]}
          }
        },
        "right_arm": {
          "rotation": {
            "0.0": [-137.93659, -6.73717, 7.40702],
            "0.05": {"pre": [-137.93659, -6.73717, 7.40702], "post": [-158.39594, -18.17696, 20.99692]},
            "0.1": {"pre": [-158.39594, -18.17696, 20.99692], "post": [-168.15883, -25.50338, 46.80449]},
            "0.15": {"pre": [-168.15883, -25.50338, 46.80449], "post": [-145.65883, -25.50338, 46.80449]},
            "0.2": {"pre": [-145.65883, -25.50338, 46.80449], "post": [-117.0591, -11.70926, 27.97854]},
            "0.25": {"pre": [-117.0591, -11.70926, 27.97854], "post": [-94.26173, 8.40705, 17.84301]}
          }
        },
        "left_arm": {
          "rotation": {
            "0.0": [-130, 0, 0],
            "0.05": {"pre": [-130, 0, 0], "post": [-164.09531, 22.52101, -20.36057]},
            "0.1": {"pre": [-164.09531, 22.52101, -20.36057], "post": [-156.22844, 13.89567, 4.39153]},
            "0.15": {"pre": [-156.22844, 13.89567, 4.39153], "post": [-133.72844, 13.89567, 4.39153]},
            "0.2": {"pre": [-133.72844, 13.89567, 4.39153], "post": [-117.84594, 29.36144, -13.2773]},
            "0.25": {"pre": [-117.84594, 29.36144, -13.2773], "post": [-127.82617, 48.40876, -28.8986]}
          }
        },
        "right_item": {
          "rotation": {
            "0.0": [0, 0, 0],
            "0.05": {"pre": [0, 0, 0], "post": [22.5, 0, 0]},
            "0.1": {"pre": [22.5, 0, 0], "post": [45, 0, 0]},
            "0.15": {"pre": [45, 0, 0], "post": [90, 0, 0]},
            "0.2": {"pre": [90, 0, 0], "post": [135, 0, 0]},
            "0.25": {"pre": [135, 0, 0], "post": [180, 0, 0]},
            "0.3": {"pre": [180, 0, 0], "post": [225, 0, 0]},
            "0.35": {"pre": [225, 0, 0], "post": [270, 0, 0]},
            "0.4": {"pre": [270, 0, 0], "post": [315, 0, 0]},
            "0.45": {"pre": [315, 0, 0], "post": [360, 0, 0]},
            "0.65": {"pre": [360, 0, 0], "post": [382.5, 0, 0]}
          }
        }
      }
    }
  }
}