{
	"format_version": "1.8.0",
	"animations": {
		"vault": {
			"animation_length": 1.25,
			"bones": {
				"head": {
					"rotation": {
						"0.0": [0, -7.5, 0],
						"0.1": {"pre": [0, -7.5, 0], "post": [9.92201, 2.35001, 1.7294]},
						"0.2": {"pre": [9.92201, 2.35001, 1.7294], "post": [-22.57799, 2.35001, 1.7294]},
						"0.25": {"pre": [-22.57799, 2.35001, 1.7294], "post": [-41.31263, 7.98387, 15.69395]},
						"0.3": {"pre": [-41.31263, 7.98387, 15.69395], "post": [-53.81263, 7.98387, 15.69395]},
						"0.55": {"pre": [-53.81263, 7.98387, 15.69395], "post": [-31.31263, 7.98387, 15.69395]},
						"0.7": {"pre": [-31.31263, 7.98387, 15.69395], "post": [-13.81263, 7.98387, 15.69395]},
						"0.75": {"pre": [-13.81263, 7.98387, 15.69395], "post": [6.18737, 7.98387, 15.69395]},
						"0.8": {"pre": [6.18737, 7.98387, 15.69395], "post": [5.46676, 8.49183, 10.66791]},
						"0.9": {"pre": [5.46676, 8.49183, 10.66791], "post": [22.96676, 8.49183, 10.66791]},
						"0.95": {"pre": [22.96676, 8.49183, 10.66791], "post": [26.75194, 11.34858, 3.62711]},
						"1.05": {"pre": [26.75194, 11.34858, 3.62711], "post": [34.04951, 9.11412, 2.48769]},
						"1.25": {"pre": [34.04951, 9.11412, 2.48769], "post": [41.54951, 9.11412, 2.48769]}
					}
				},
				"body": {
					"rotation": {
						"0.0": [0, 0, 0],
						"0.05": {"pre": [0, 0, 0], "post": [5, 0, 0]},
						"0.1": {"pre": [5, 0, 0], "post": [12.5, 0, 0]},
						"0.2": {"pre": [12.5, 0, 0], "post": [72.5, 0, 0]},
						"0.25": {"pre": [72.5, 0, 0], "post": [115, 0, 0]},
						"0.3": {"pre": [115, 0, 0], "post": [130, 0, 0]},
						"0.45": {"pre": [130, 0, 0], "post": [152.5, 0, 0]},
						"0.5": {"pre": [152.5, 0, 0], "post": [150.12771, -22.01609, 12.15123]},
						"0.55": {"pre": [150.12771, -22.01609, 12.15123], "post": [159.77535, -36.81662, 22.93393]},
						"0.6": {"pre": [159.77535, -36.81662, 22.93393], "post": [176.65445, -49.29941, 23.83796]},
						"0.65": {"pre": [176.65445, -49.29941, 23.83796], "post": [196.65445, -49.29941, 23.83796]},
						"0.7": {"pre": [196.65445, -49.29941, 23.83796], "post": [246.08532, -51.25858, -8.32658]},
						"0.75": {"pre": [246.08532, -51.25858, -8.32658], "post": [275.08749, -41.33235, -22.93157]},
						"0.8": {"pre": [275.08749, -41.33235, -22.93157], "post": [283.9369, -21.53169, -6.43657]},
						"0.85": {"pre": [283.9369, -21.53169, -6.43657], "post": [310.86481, -14.24288, -4.57788]},
						"0.9": {"pre": [310.86481, -14.24288, -4.57788], "post": [328.36481, -14.24288, -4.57788]},
						"0.95": {"pre": [328.36481, -14.24288, -4.57788], "post": [338.98046, 0, 0]},
						"1.25": {"pre": [338.98046, 0, 0], "post": [-1, 0, 0]}
					}
				},
				"right_arm": {
					"rotation": {
						"0.0": [-86.0482, -35.39298, 17.53836],
						"0.05": {"pre": [-86.0482, -35.39298, 17.53836], "post": [-105.56841, 1.14013, 115.934]},
						"0.1": {"pre": [-105.56841, 1.14013, 115.934], "post": [-83.40158, 20.13646, 176.33948]},
						"0.15": {"pre": [-83.40158, 20.13646, 176.33948], "post": [-98.40158, 20.13646, 176.33948]},
						"0.2": {"pre": [-98.40158, 20.13646, 176.33948], "post": [-34.9537, 16.06121, 179.38811]},
						"0.3": {"pre": [-34.9537, 16.06121, 179.38811], "post": [-14.9537, 16.06121, 179.38811]},
						"0.45": {"pre": [-14.9537, 16.06121, 179.38811], "post": [5.0463, 16.06121, 179.38811]},
						"0.75": {"pre": [5.0463, 16.06121, 179.38811], "post": [-0.90942, 16.79147, 158.54147]},
						"0.8": {"pre": [-0.90942, 16.79147, 158.54147], "post": [-17.83837, 15.96874, 142.92639]},
						"0.85": {"pre": [-17.83837, 15.96874, 142.92639], "post": [-21.66812, 10.0099, 126.02809]},
						"0.9": {"pre": [-21.66812, 10.0099, 126.02809], "post": [-38.66171, -39.54051, 132.23852]},
						"0.95": {"pre": [-38.66171, -39.54051, 132.23852], "post": [-51.26946, -52.55705, 115.19613]},
						"1.0": {"pre": [-51.26946, -52.55705, 115.19613], "post": [-100.1107, -45.99897, 163.60499]},
						"1.05": {"pre": [-100.1107, -45.99897, 163.60499], "post": [-110.1107, -45.99897, 163.60499]},
						"1.15": {"pre": [-110.1107, -45.99897, 163.60499], "post": [-117.6107, -45.99897, 163.60499]},
						"1.25": {"pre": [-117.6107, -45.99897, 163.60499], "post": [-125.1107, -45.99897, 163.60499]}
					}
				},
				"left_arm": {
					"rotation": {
						"0.0": [-78.99034, 24.59477, 4.62934],
						"0.05": {"pre": [-78.99034, 24.59477, 4.62934], "post": [-67.44208, 9.94162, 1.32222]},
						"0.1": {"pre": [-67.44208, 9.94162, 1.32222], "post": [-45.6253, 39.90287, 21.25091]},
						"0.15": {"pre": [-45.6253, 39.90287, 21.25091], "post": [-43.75553, 33.33272, 11.84085]},
						"0.2": {"pre": [-43.75553, 33.33272, 11.84085], "post": [-67.87214, -1.14716, -18.87919]},
						"0.25": {"pre": [-67.87214, -1.14716, -18.87919], "post": [-87.24479, -7.12859, 2.63371]},
						"0.3": {"pre": [-87.24479, -7.12859, 2.63371], "post": [-88.7535, -25.05132, 14.85206]},
						"0.55": {"pre": [-88.7535, -25.05132, 14.85206], "post": [-88.52481, -40.04717, 14.43065]},
						"0.65": {"pre": [-88.52481, -40.04717, 14.43065], "post": [-72.55212, -50.41838, -5.94113]},
						"0.7": {"pre": [-72.55212, -50.41838, -5.94113], "post": [-62.55212, -50.41838, -5.94113]},
						"0.8": {"pre": [-62.55212, -50.41838, -5.94113], "post": [-53.19596, -45.07308, -18.54503]},
						"0.85": {"pre": [-53.19596, -45.07308, -18.54503], "post": [-53.69147, -12.18448, -13.09864]},
						"0.9": {"pre": [-53.69147, -12.18448, -13.09864], "post": [-51.93413, -20.15946, -19.38705]},
						"1.05": {"pre": [-51.93413, -20.15946, -19.38705], "post": [-48.91697, -12.72713, -12.40488]},
						"1.15": {"pre": [-48.91697, -12.72713, -12.40488], "post": [-48.05318, -16.4722, -15.82896]},
						"1.25": {"pre": [-48.05318, -16.4722, -15.82896], "post": [-43.91697, -12.72713, -12.40488]}
					}
				},
				"right_leg": {
					"rotation": {
						"0.0": [0, 0, 0],
						"0.05": {"pre": [0, 0, 0], "post": [-12.5, 0, 2.5]},
						"0.2": {"pre": [-12.5, 0, 2.5], "post": [7.5, 0, 2.5]},
						"0.25": {"pre": [7.5, 0, 2.5], "post": [30, 0, 2.5]},
						"0.65": {"pre": [30, 0, 2.5], "post": [42.5, 0, 2.5]},
						"0.7": {"pre": [42.5, 0, 2.5], "post": [55, 0, 2.5]},
						"0.8": {"pre": [55, 0, 2.5], "post": [54.94932, -8.03028, 17.22754]},
						"0.85": {"pre": [54.94932, -8.03028, 17.22754], "post": [29.94932, -8.03028, 17.22754]},
						"0.9": {"pre": [29.94932, -8.03028, 17.22754], "post": [-0.05068, -8.03028, 17.22754]},
						"0.95": {"pre": [-0.05068, -8.03028, 17.22754], "post": [0.56008, 6.94747, 22.2514]},
						"1.05": {"pre": [0.56008, 6.94747, 22.2514], "post": [-11.93992, 6.94747, 22.2514]},
						"1.15": {"pre": [-11.93992, 6.94747, 22.2514], "post": [-21.93992, 6.94747, 22.2514]},
						"1.25": {"pre": [-21.93992, 6.94747, 22.2514], "post": [-22.61211, 4.10092, 15.27943]}
					}
				},
				"left_leg": {
					"rotation": {
						"0.0": [0, 0, 0],
						"0.05": {"pre": [0, 0, 0], "post": [-6.8426, -7.4713, -5.04292]},
						"0.2": {"pre": [-6.8426, -7.4713, -5.04292], "post": [-19.94541, -16.0533, -26.31576]},
						"0.25": {"pre": [-19.94541, -16.0533, -26.31576], "post": [12.55459, -16.0533, -26.31576]},
						"0.65": {"pre": [12.55459, -16.0533, -26.31576], "post": [23.90355, -14.90831, -31.36635]},
						"0.7": {"pre": [23.90355, -14.90831, -31.36635], "post": [38.1743, -5.73652, -27.31123]},
						"0.8": {"pre": [38.1743, -5.73652, -27.31123], "post": [19.8046, -8.33444, -20.22147]},
						"0.9": {"pre": [19.8046, -8.33444, -20.22147], "post": [2.3046, -8.33444, -20.22147]},
						"1.05": {"pre": [2.3046, -8.33444, -20.22147], "post": [-5.1954, -8.33444, -20.22147]},
						"1.15": {"pre": [-5.1954, -8.33444, -20.22147], "post": [-1.5771, -8.61443, -27.7991]},
						"1.25": {"pre": [-1.5771, -8.61443, -27.7991], "post": [-9.82701, -8.444, -22.74608]}
					}
				},
				"torso": {
					"rotation": {
						"0.0": [0, 0, 0],
						"0.95": {"pre": [0, 0, 0], "post": [10, 17.5, 0]}
					}
				},